,codeuai,NOM_COLLEGE,Nom_commune,effectif,IPS,type_secteur,NB_FOYERS_COLLEGIENS,NB_COLLEGIENS,longitude,latitude,C19_POP15P,C19_POP15ACT,DIFF_LOG0ACT,DIFF_LOG1ACT,DIFF_LOG2ACT,DIFF_DIP0,DIFF_DIPBRE,DIFF_DIPCAP,DIFF_DIPBAC,DIFF_DIPMAS,DIFF_CS1,DIFF_CS2,DIFF_CS3,DIFF_CS4,DIFF_CS5,DIFF_CS6,DIFF_CS7,DIFF_CS8,DIFF_MONOPARENT,DIFF_EMPLOICDI,DIFF_LOGSOCIAL,DIFF_ACTIV_ACTIFS,DIFF_ACTIV_CHOMEURS,DIFF_ACTIV_ETUDIANT_STAGE,DIFF_ACTIV_AU_FOYER,DIFF_IMMIGRES,cat_CS1,cat_CS2,cat_CS3,cat_CS4,cat_CS5,cat_CS6,cat_CS7,cat_CS8,cat_LOG0ACT,cat_LOG1ACT,cat_LOG2ACT,cat_DIP0,cat_DIPBRE,cat_DIPCAP,cat_DIPBAC,cat_DIPMAS,cat_MONOPARENT,cat_EMPLOICDI,cat_LOGSOCIAL,cat_ACTIV_ACTIFS,cat_ACTIV_CHOMEURS,cat_ACTIV_ETUDIANT_STAGE,cat_ACTIV_AU_FOYER,cat_IMMIGRES,%_LOG0ACT,%_LOG1ACT,%_LOG2ACT,%_DIP0,%_DIPBRE,%_DIPCAP,%_DIPBAC,%_DIPMAS,%_CS1,%_CS2,%_CS3,%_CS4,%_CS5,%_CS6,%_CS7,%_CS8,%_MONOPARENT,%_EMPLOICDI,%_LOGSOCIAL,%_ACTIV_ACTIFS,%_ACTIV_CHOMEURS,%_ACTIV_ETUDIANT_STAGE,%_ACTIV_AU_FOYER,%_IMMIGRES,C19_POP15P_CS1,C19_POP15P_CS2,C19_POP15P_CS3,C19_POP15P_CS4,C19_POP15P_CS5,C19_POP15P_CS6,C19_POP15P_CS7,C19_POP15P_CS8,DIPLOM_AUCUN,DIPLOM_BREVET,DIPLOM_CAP_BAC,DIPLOM_BACPRO_BTS_LIC,DIPLOM_MASTER_DOC,ACTIF_LOG_AUCUN,ACTIF_LOG_UN,ACTIF_LOG_DEUX,MONOPARENT,EMPLOICDI,LOGSOCIAL,ACTIV_ACTIFS,ACTIV_CHOMEURS,ACTIV_ETUDIANT_STAGE,ACTIV_AU_FOYER,IMMIGRES
0,0590057S,Collège Paul Eluard,Cysoing,,,exclusif,147.0,232.0,,,1684.0,1684.0,-10.3,-13.6,25.7,-11.9,-4.7,-13.5,5.0,25.1,0.2,1.0,11.1,2.4,-5.8,-6.6,7.7,-10.1,-6.7,5.8,-22.3,13.2,-8.4,-0.3,-2.0,-8.8,moyen,moyen,A2,moyen,b1,b1,A1,b2,b2,b2,A2,b2,moyen,b2,moyen,A2,b1,A1,b2,A2,b1,moyen,moyen,b1,2.0,19.7,76.9,0.0,0.0,16.3,42.9,40.8,0.3,3.6,23.2,17.5,10.2,4.8,28.6,11.8,17.0,72.8,4.1,96.6,3.4,0.0,0.0,4.8,5.0,61.0,391.0,294.0,172.0,81.0,482.0,198.0,0.0,0.0,24.0,63.0,60.0,3.0,29.0,113.0,25.0,107.0,6.0,142.0,5.0,0.0,0.0,7.0
1,0590091D,Collège Lili Keller-Rosenberg,Halluin,526.0,87.4,exclusif,703.0,1097.0,3.12448,50.77536,16373.0,16371.0,-2.5,1.0,-0.3,1.0,1.7,6.2,-0.5,-8.4,-0.0,-0.1,-6.4,-1.5,3.2,6.3,3.2,-4.8,0.5,2.3,-1.6,3.2,-2.4,-0.2,0.3,0.3,moyen,moyen,b1,moyen,moyen,A1,moyen,moyen,moyen,moyen,moyen,moyen,moyen,A1,moyen,b1,moyen,moyen,moyen,moyen,moyen,moyen,moyen,moyen,9.8,34.3,50.9,12.9,6.4,36.0,37.4,7.3,0.1,2.5,5.7,13.6,19.2,17.7,24.1,17.1,24.2,69.3,24.8,86.6,9.4,0.1,2.3,13.9,20.0,407.0,932.0,2221.0,3142.0,2903.0,3946.0,2800.0,91.0,45.0,253.0,263.0,51.0,69.0,241.0,358.0,170.0,487.0,174.0,609.0,66.0,1.0,16.0,98.0
2,0590115E,Collège Franklin,Lille,467.0,103.5,exclusif,408.0,633.0,3.07041,50.62911,22949.0,22948.0,6.3,6.4,-10.5,1.1,-1.3,-9.7,-7.0,16.9,-0.1,-0.1,12.4,0.1,-4.2,-7.6,-10.3,9.6,9.4,-8.4,15.8,-7.4,1.7,1.7,1.9,17.3,moyen,moyen,A2,moyen,moyen,b1,b2,A1,A1,A1,b2,moyen,moyen,b1,b1,A2,A1,b1,A2,b1,moyen,moyen,moyen,A2,18.6,39.7,40.7,13.0,3.4,20.1,30.9,32.6,0.0,2.5,24.5,15.2,11.8,3.8,10.6,31.5,33.1,58.6,42.2,76.0,13.5,2.0,3.9,30.9,9.0,584.0,5621.0,3477.0,2707.0,877.0,2435.0,7238.0,53.0,14.0,82.0,126.0,133.0,76.0,162.0,166.0,135.0,239.0,172.0,310.0,55.0,8.0,16.0,126.0
3,0590131X,Collège Jean Jaurès,Lille,454.0,86.4,exclusif,458.0,668.0,3.01019,50.64095,13610.0,13610.0,2.8,4.5,-6.2,6.0,1.6,2.5,-2.7,-7.4,-0.1,-1.0,-3.3,0.7,4.6,2.9,0.9,-4.9,6.2,-3.0,25.3,-5.2,4.6,0.4,0.4,1.9,moyen,moyen,moyen,moyen,moyen,moyen,moyen,moyen,moyen,moyen,b1,A1,moyen,moyen,moyen,b1,A1,moyen,A2,b1,moyen,moyen,moyen,moyen,15.1,37.8,45.0,17.9,6.3,32.3,35.2,8.3,0.0,1.6,8.8,15.8,20.6,14.3,21.8,17.0,29.9,64.0,51.7,78.2,16.4,0.7,2.4,15.5,0.0,223.0,1204.0,2151.0,2809.0,1950.0,2965.0,2308.0,82.0,29.0,148.0,161.0,38.0,69.0,173.0,206.0,137.0,293.0,237.0,358.0,75.0,3.0,11.0,71.0
4,0590155Y,Collège Descartes,Mons-en-Baroeul,405.0,96.7,exclusif,227.0,356.0,3.10708,50.63567,6650.0,6651.0,0.5,-2.5,1.7,-0.9,0.6,2.8,-7.5,5.0,-0.1,-0.1,2.6,-1.4,-2.7,-1.3,1.6,1.3,-8.7,-2.2,-6.6,-1.9,3.6,-0.3,-1.6,12.4,moyen,moyen,moyen,moyen,moyen,moyen,moyen,moyen,moyen,moyen,moyen,moyen,moyen,moyen,b1,moyen,b1,moyen,b1,moyen,moyen,moyen,moyen,A2,12.8,30.8,52.9,11.0,5.3,32.6,30.4,20.7,0.0,2.5,14.7,13.7,13.3,10.1,22.5,23.2,15.0,64.8,19.8,81.5,15.4,0.0,0.4,26.0,2.0,166.0,975.0,914.0,882.0,672.0,1496.0,1544.0,25.0,12.0,74.0,69.0,47.0,29.0,70.0,120.0,34.0,147.0,45.0,185.0,35.0,0.0,1.0,59.0
5,0590183D,Collège Sévigné,Roubaix,378.0,62.7,exclusif,390.0,674.0,3.16492,50.69318,10244.0,10245.0,25.6,7.2,-31.7,21.7,2.5,2.3,-15.8,-10.3,-0.1,-0.4,-7.9,-5.0,0.7,5.5,-9.3,16.3,14.5,-27.8,13.6,-28.3,13.1,0.2,7.5,25.6,moyen,moyen,b1,moyen,moyen,A1,b1,A2,A2,A1,b2,A2,moyen,moyen,b2,b2,A2,b2,A2,b2,A2,moyen,A1,A2,37.9,40.5,19.5,33.6,7.2,32.1,22.1,5.4,0.0,2.2,4.2,10.1,16.7,16.9,11.6,38.2,38.2,39.2,40.0,55.1,24.9,0.5,9.5,39.2,3.0,224.0,431.0,1039.0,1715.0,1730.0,1186.0,3917.0,131.0,28.0,125.0,86.0,21.0,148.0,158.0,76.0,149.0,153.0,156.0,215.0,97.0,2.0,37.0,153.0
6,0590190L,Collège Jean Baptiste Lebas,Roubaix,471.0,59.9,exclusif,439.0,776.0,3.18307,50.68102,8955.0,8954.0,23.0,2.9,-25.0,10.7,4.0,8.7,-13.5,-9.8,-0.1,-0.1,-7.0,-4.7,-0.9,4.6,-4.7,12.7,7.1,-21.9,-6.4,-24.6,12.3,-0.3,5.5,16.0,moyen,moyen,b1,moyen,moyen,moyen,moyen,A2,A2,moyen,b2,A2,moyen,A1,b2,b1,A1,b2,b1,b2,A2,moyen,A1,A2,35.3,36.2,26.2,22.6,8.7,38.5,24.4,5.9,0.0,2.5,5.1,10.4,15.1,16.0,16.2,34.6,30.8,45.1,20.0,58.8,24.1,0.0,7.5,29.6,0.0,223.0,458.0,933.0,1354.0,1435.0,1453.0,3098.0,99.0,38.0,169.0,107.0,26.0,155.0,159.0,115.0,135.0,198.0,88.0,258.0,106.0,0.0,33.0,130.0
7,0590271Z,Collège Verlaine,Lille,349.0,77.8,exclusif,268.0,442.0,3.07013,50.61076,6671.0,6670.0,9.0,5.1,-13.9,7.1,1.6,0.1,-10.3,1.5,-0.1,-0.6,-3.4,2.6,-0.1,2.3,-6.0,5.2,0.2,-7.7,22.5,-8.8,9.1,-0.3,-0.9,25.6,moyen,moyen,moyen,moyen,moyen,moyen,b1,A1,A1,A1,b2,A1,moyen,moyen,b2,moyen,moyen,b1,A2,b1,A1,moyen,moyen,A2,21.3,38.4,37.3,19.0,6.3,29.9,27.6,17.2,0.0,2.0,8.7,17.7,15.9,13.7,14.9,27.1,23.9,59.3,48.9,74.6,20.9,0.0,1.1,39.2,1.0,136.0,578.0,1182.0,1062.0,913.0,992.0,1806.0,51.0,17.0,80.0,74.0,46.0,57.0,103.0,100.0,64.0,159.0,131.0,200.0,56.0,0.0,3.0,105.0
8,0592714E,Collège Mendès France,Tourcoing,383.0,68.1,exclusif,662.0,1077.0,3.18949,50.73604,19233.0,19232.0,10.8,5.7,-15.7,9.2,1.6,11.0,-10.4,-11.5,-0.1,-0.8,-9.1,-5.3,1.8,9.6,-0.6,4.4,6.1,-11.6,14.5,-11.0,7.1,0.2,2.2,11.0,moyen,moyen,b1,b1,moyen,A1,moyen,moyen,A2,A1,b2,A1,moyen,A2,b2,b2,A1,b2,A2,b2,A1,moyen,moyen,A2,23.1,39.0,35.5,21.1,6.3,40.8,27.5,4.2,0.0,1.8,3.0,9.8,17.8,21.0,20.3,26.3,29.8,55.4,40.9,72.4,18.9,0.5,4.2,24.6,3.0,353.0,579.0,1879.0,3422.0,4031.0,3902.0,5063.0,140.0,42.0,270.0,182.0,28.0,153.0,258.0,235.0,197.0,367.0,271.0,479.0,125.0,3.0,28.0,163.0
9,0592830F,Collège Jean Zay,Faches-Thumesnil,349.0,87.6,exclusif,279.0,442.0,3.0636,50.60722,6775.0,6776.0,3.1,0.4,-3.2,-1.1,-0.4,5.7,1.2,-4.9,-0.1,0.0,-1.6,2.7,0.8,-0.4,1.0,-2.3,1.4,-1.1,0.8,-2.8,3.3,-0.3,0.2,12.9,moyen,moyen,moyen,moyen,moyen,moyen,moyen,moyen,moyen,moyen,moyen,moyen,moyen,A1,moyen,moyen,moyen,moyen,moyen,moyen,moyen,moyen,moyen,A2,15.4,33.7,48.0,10.8,4.3,35.5,39.1,10.8,0.0,2.6,10.5,17.8,16.8,11.0,21.9,19.6,25.1,65.9,27.2,80.6,15.1,0.0,2.2,26.5,0.0,173.0,709.0,1203.0,1138.0,743.0,1485.0,1325.0,30.0,12.0,99.0,109.0,30.0,43.0,94.0,134.0,70.0,184.0,76.0,225.0,42.0,0.0,6.0,74.0
10,0593168Y,Collège Carnot,Lille,694.0,125.2,exclusif,336.0,478.0,3.0667,50.63975,21281.0,21280.0,-1.0,14.6,-11.3,-4.2,-2.0,-14.3,-2.8,23.3,-0.1,0.0,15.6,2.6,-3.9,-7.9,-10.3,3.9,13.5,-6.6,11.7,0.8,-1.7,0.6,-0.2,5.7,moyen,moyen,A2,moyen,moyen,b1,b2,moyen,moyen,A2,b2,moyen,moyen,b2,moyen,A2,A2,b1,A2,moyen,moyen,moyen,moyen,A1,11.3,47.9,39.9,7.7,2.7,15.5,35.1,39.0,0.0,2.6,27.7,17.7,12.1,3.5,10.6,25.8,37.2,60.4,38.1,84.2,10.1,0.9,1.8,19.3,3.0,548.0,5895.0,3773.0,2578.0,736.0,2266.0,5481.0,26.0,9.0,52.0,118.0,131.0,38.0,161.0,134.0,125.0,203.0,128.0,283.0,34.0,3.0,6.0,65.0
11,0593177H,Collège Jean Zay,Lille,224.0,87.0,exclusif,156.0,242.0,2.9855,50.64775,5028.0,5028.0,3.7,5.2,-7.6,6.0,1.1,0.3,-0.1,-6.7,-0.1,-0.5,-1.6,-0.2,-0.5,-0.2,2.1,0.9,10.3,-2.3,14.0,-5.8,8.1,-0.3,-0.7,0.5,moyen,moyen,moyen,moyen,moyen,moyen,moyen,moyen,moyen,A1,b1,A1,moyen,moyen,moyen,b1,A2,moyen,A2,b1,A1,moyen,moyen,moyen,16.0,38.5,43.6,17.9,5.8,30.1,37.8,9.0,0.0,2.1,10.5,14.9,15.5,11.2,23.0,22.8,34.0,64.7,40.4,77.6,19.9,0.0,1.3,14.1,0.0,105.0,528.0,749.0,780.0,563.0,1155.0,1148.0,28.0,9.0,47.0,59.0,14.0,25.0,60.0,68.0,53.0,101.0,63.0,121.0,31.0,0.0,2.0,22.0
12,0593178J,Collège François Rabelais,Mons-en-Baroeul,500.0,84.2,exclusif,385.0,568.0,3.11752,50.64173,9740.0,9741.0,8.5,12.2,-19.5,7.8,1.5,6.8,-9.8,-6.6,-0.1,-0.5,-2.1,-3.3,2.7,2.4,-1.4,2.3,8.0,-14.3,31.8,-11.7,9.2,0.2,0.1,18.9,moyen,moyen,moyen,moyen,moyen,moyen,moyen,moyen,A1,A2,b2,A1,moyen,A1,b1,b1,A1,b2,A2,b2,A1,moyen,moyen,A2,20.8,45.5,31.7,19.7,6.2,36.6,28.1,9.1,0.0,2.1,10.0,11.8,18.7,13.8,19.5,24.2,31.7,52.7,58.2,71.7,21.0,0.5,2.1,32.5,2.0,206.0,972.0,1145.0,1818.0,1341.0,1901.0,2356.0,76.0,24.0,141.0,108.0,35.0,80.0,175.0,122.0,122.0,203.0,224.0,276.0,81.0,2.0,8.0,125.0
13,0593179K,Collège Claude Lévi-Strauss,Lille,491.0,84.0,exclusif,578.0,922.0,3.03674,50.63147,25280.0,25280.0,10.9,8.9,-18.2,6.8,0.1,-4.2,-10.9,8.2,-0.0,-0.6,5.8,-1.4,-3.0,-5.7,-9.8,14.6,10.0,-14.8,30.3,-12.1,8.3,0.0,1.6,18.1,moyen,moyen,A1,moyen,moyen,b1,b1,A2,A2,A1,b2,A1,moyen,moyen,b2,A1,A1,b2,A2,b2,A1,moyen,moyen,A2,23.2,42.2,33.0,18.7,4.8,25.6,27.0,23.9,0.1,2.0,17.9,13.7,13.0,5.7,11.1,36.5,33.7,52.2,56.7,71.3,20.1,0.3,3.6,31.7,15.0,502.0,4529.0,3461.0,3292.0,1434.0,2816.0,9231.0,108.0,28.0,148.0,156.0,138.0,134.0,244.0,191.0,195.0,302.0,328.0,412.0,116.0,2.0,21.0,183.0
14,0593180L,Collège Saint-Exupéry,Lille,828.0,101.3,exclusif,509.0,774.0,3.11821,50.62856,15018.0,15017.0,1.8,7.0,-9.2,2.6,-0.2,0.5,-2.9,-0.2,-0.1,-0.4,2.1,2.3,2.2,-0.7,-4.0,-1.5,5.2,-2.6,7.6,-2.1,2.7,0.1,-0.4,12.3,moyen,moyen,moyen,moyen,moyen,moyen,moyen,moyen,moyen,A1,b1,moyen,moyen,moyen,moyen,moyen,A1,moyen,A1,moyen,moyen,moyen,moyen,A2,14.1,40.3,42.0,14.5,4.5,30.3,35.0,15.5,0.0,2.2,14.2,17.4,18.2,10.7,16.9,20.4,28.9,64.4,34.0,81.3,14.5,0.4,1.6,25.9,0.0,331.0,2132.0,2617.0,2736.0,1600.0,2542.0,3059.0,74.0,23.0,154.0,178.0,79.0,72.0,205.0,214.0,147.0,328.0,173.0,414.0,74.0,2.0,8.0,132.0
15,0593196D,Collège Arthur Rimbaud,Villeneuve-d'Ascq,663.0,103.7,exclusif,1339.0,2090.0,3.15613,50.61877,19400.0,19399.0,-7.1,-5.7,13.0,-4.3,-1.0,-7.6,4.7,8.2,0.1,-0.1,3.5,0.6,-1.7,-4.2,2.5,-0.8,-5.4,8.6,-9.3,7.4,-4.9,-0.2,-0.9,-4.2,moyen,moyen,moyen,moyen,moyen,moyen,moyen,moyen,b1,b1,A2,moyen,moyen,b1,moyen,A1,b1,A1,b1,A1,moyen,moyen,moyen,moyen,5.2,27.6,64.2,7.6,3.7,22.2,42.6,23.9,0.2,2.5,15.6,15.7,14.3,7.2,23.4,21.1,18.3,75.6,17.1,90.8,6.9,0.1,1.1,9.4,34.0,479.0,3021.0,3055.0,2772.0,1395.0,4544.0,4099.0,102.0,50.0,297.0,570.0,320.0,70.0,369.0,860.0,245.0,1012.0,229.0,1216.0,92.0,1.0,15.0,126.0
16,0593226L,Collège Anne Frank,Lambersart,477.0,123.9,exclusif,452.0,707.0,3.028,50.64851,10785.0,10785.0,-3.5,-2.3,5.7,-6.6,-0.1,-12.1,1.9,17.0,-0.0,0.4,8.2,0.4,-3.9,-5.3,4.7,-4.5,1.1,-0.2,-1.0,4.7,-3.2,0.1,-0.7,-1.0,moyen,moyen,A1,moyen,moyen,b1,moyen,moyen,moyen,moyen,A1,b1,moyen,b2,moyen,A2,moyen,moyen,moyen,moyen,moyen,moyen,moyen,moyen,8.8,31.0,56.9,5.3,4.6,17.7,39.8,32.7,0.1,3.0,20.3,15.5,12.1,6.1,25.6,17.4,24.8,66.8,25.4,88.1,8.6,0.4,1.3,12.6,10.0,328.0,2185.0,1671.0,1303.0,653.0,2760.0,1875.0,24.0,21.0,80.0,180.0,148.0,40.0,140.0,257.0,112.0,302.0,115.0,398.0,39.0,2.0,6.0,57.0
17,0593227M,Collège du Lazaro,Marcq-en-Baroeul,578.0,114.9,exclusif,649.0,1027.0,3.08594,50.67807,17668.0,17669.0,-5.8,-1.3,8.1,-7.3,-2.7,-13.2,-2.8,26.1,-0.0,1.5,9.5,-0.4,-5.7,-6.9,7.4,-5.4,-4.9,2.0,-13.6,6.4,-3.6,-0.1,-1.1,-3.3,moyen,moyen,A1,moyen,b1,b1,A1,b1,b1,moyen,A1,b1,moyen,b2,moyen,A2,moyen,moyen,b2,A1,moyen,moyen,moyen,moyen,6.5,32.0,59.3,4.6,2.0,16.6,35.1,41.8,0.1,4.1,21.6,14.7,10.3,4.5,28.3,16.5,18.8,69.0,12.8,89.8,8.2,0.2,0.9,10.3,9.0,720.0,3825.0,2591.0,1825.0,788.0,4997.0,2914.0,30.0,13.0,108.0,228.0,271.0,42.0,208.0,385.0,122.0,448.0,83.0,583.0,53.0,1.0,6.0,67.0
18,0593228N,Collège Jean Moulin,Saint-André-lez-Lille,410.0,114.5,exclusif,322.0,480.0,3.04855,50.65803,10602.0,10603.0,-5.5,6.8,-0.3,-1.7,0.0,-6.8,7.1,1.4,-0.1,-0.4,3.9,5.5,0.6,-2.4,1.0,-8.2,7.0,5.7,1.6,4.8,-2.8,-0.3,-1.7,-1.5,moyen,moyen,moyen,A1,moyen,moyen,moyen,b1,b1,A1,moyen,moyen,moyen,b1,A1,moyen,A1,A1,moyen,moyen,moyen,moyen,moyen,moyen,6.8,40.1,50.9,10.2,4.7,23.0,45.0,17.1,0.0,2.2,16.0,20.6,16.6,9.0,21.9,13.7,30.7,72.7,28.0,88.2,9.0,0.0,0.3,12.1,5.0,231.0,1701.0,2181.0,1755.0,956.0,2325.0,1449.0,33.0,15.0,74.0,145.0,55.0,22.0,129.0,164.0,99.0,234.0,90.0,284.0,29.0,0.0,1.0,39.0
19,0593231S,Collège Albert Schweitzer,La Bassée,843.0,96.8,exclusif,1849.0,2828.0,2.81116,50.53522,16000.0,16000.0,-4.8,-4.9,8.8,-4.3,-1.0,5.0,3.2,-2.9,0.4,0.4,-3.0,2.4,1.3,0.7,3.2,-5.5,-4.7,5.6,-9.8,5.6,-3.5,-0.1,-0.9,-11.7,moyen,moyen,moyen,moyen,moyen,moyen,moyen,b1,moyen,moyen,A1,moyen,moyen,moyen,moyen,moyen,moyen,A1,b1,A1,moyen,moyen,moyen,b2,7.5,28.4,60.0,7.6,3.7,34.8,41.1,12.8,0.5,3.0,9.1,17.5,17.3,12.1,24.1,16.4,19.0,72.6,16.6,89.0,8.3,0.2,1.1,1.9,77.0,473.0,1457.0,2801.0,2769.0,1943.0,3855.0,2625.0,141.0,68.0,643.0,760.0,237.0,138.0,525.0,1109.0,351.0,1342.0,307.0,1646.0,153.0,4.0,21.0,35.0
20,0593233U,Collège professeur Albert Debeyre,Loos,366.0,93.7,exclusif,324.0,490.0,3.02123,50.61198,11653.0,11652.0,2.5,9.3,-11.7,3.5,-0.4,0.8,0.7,-4.6,-0.0,-0.1,-2.0,2.6,1.8,-0.3,-2.9,0.8,7.8,-2.2,11.3,-6.5,5.5,0.0,-0.5,8.6,moyen,moyen,moyen,moyen,moyen,moyen,moyen,moyen,moyen,A1,b2,moyen,moyen,moyen,moyen,moyen,A1,moyen,A2,b1,A1,moyen,moyen,A1,14.8,42.6,39.5,15.4,4.3,30.6,38.6,11.1,0.1,2.5,10.1,17.7,17.8,11.1,18.0,22.7,31.5,64.8,37.7,76.9,17.3,0.3,1.5,22.2,8.0,286.0,1182.0,2066.0,2073.0,1297.0,2092.0,2648.0,50.0,14.0,99.0,125.0,36.0,48.0,138.0,128.0,102.0,210.0,122.0,249.0,56.0,1.0,5.0,72.0
21,0593234V,Collège Albert Ball,Annoeullin,642.0,112.7,exclusif,1183.0,1770.0,2.93183,50.53341,13353.0,13353.0,-6.5,-6.8,12.3,-5.3,-0.1,-2.3,10.9,-3.1,0.2,-0.2,-3.1,2.7,0.9,-0.5,2.5,-2.5,-4.8,10.2,-13.6,7.5,-5.4,0.3,-1.2,-10.8,moyen,moyen,moyen,moyen,moyen,moyen,moyen,moyen,b1,b1,A2,b1,moyen,moyen,A2,moyen,moyen,A2,b2,A1,b1,moyen,moyen,b2,5.8,26.5,63.5,6.6,4.6,27.5,48.8,12.6,0.3,2.4,9.0,17.8,16.9,10.9,23.4,19.4,18.9,77.2,12.8,90.9,6.4,0.6,0.8,2.8,35.0,317.0,1201.0,2380.0,2250.0,1461.0,3125.0,2584.0,78.0,54.0,325.0,577.0,149.0,69.0,314.0,751.0,223.0,913.0,152.0,1075.0,76.0,7.0,10.0,33.0
22,0593235W,Collège Boris Vian,Lille,472.0,85.2,exclusif,336.0,538.0,3.09413,50.63058,11814.0,11815.0,11.5,5.4,-14.3,2.7,0.1,-1.2,-6.9,5.4,-0.1,-0.2,2.6,0.1,1.5,-1.8,-7.4,5.2,11.1,-15.5,11.4,-14.1,11.1,0.3,0.1,15.9,moyen,moyen,moyen,moyen,moyen,moyen,b1,A1,A2,A1,b2,moyen,moyen,moyen,b1,A1,A2,b2,A2,b2,A2,moyen,moyen,A2,23.8,38.7,36.9,14.6,4.8,28.6,31.0,21.1,0.0,2.4,14.7,15.2,17.5,9.6,13.5,27.1,34.8,51.5,37.8,69.3,22.9,0.6,2.1,29.5,0.0,278.0,1731.0,1801.0,2072.0,1134.0,1598.0,3201.0,49.0,16.0,96.0,104.0,71.0,80.0,130.0,124.0,117.0,173.0,127.0,233.0,77.0,2.0,7.0,99.0
23,0593237Y,Collège Gernez Rieux,Ronchin,488.0,91.9,exclusif,375.0,586.0,3.09079,50.59831,8692.0,8691.0,1.6,3.0,-3.5,3.0,0.1,-3.4,2.6,-2.4,-0.1,0.1,-1.4,0.6,2.8,-0.7,2.3,-3.7,0.6,-3.3,5.3,-1.5,1.8,0.0,-0.9,11.2,moyen,moyen,moyen,moyen,moyen,moyen,moyen,moyen,moyen,moyen,moyen,moyen,moyen,moyen,moyen,moyen,moyen,moyen,A1,moyen,moyen,moyen,moyen,A2,13.9,36.3,47.7,14.9,4.8,26.4,40.5,13.3,0.0,2.7,10.7,15.7,18.8,10.7,23.2,18.2,24.3,63.7,31.7,81.9,13.6,0.3,1.1,24.8,3.0,231.0,928.0,1366.0,1635.0,934.0,2016.0,1578.0,56.0,18.0,99.0,152.0,50.0,52.0,136.0,179.0,91.0,239.0,119.0,307.0,51.0,1.0,4.0,93.0
24,0593239A,Collège Boris Vian,Croix,539.0,92.0,exclusif,585.0,917.0,3.14996,50.68344,17178.0,17178.0,0.5,3.6,-2.3,-0.8,-0.4,-3.5,1.9,2.8,-0.0,0.2,2.2,1.6,-1.5,-2.0,2.8,-3.3,4.0,-3.6,-4.5,-1.0,0.3,0.2,0.6,-2.0,moyen,moyen,moyen,moyen,moyen,moyen,moyen,moyen,moyen,moyen,moyen,moyen,moyen,moyen,moyen,moyen,moyen,moyen,moyen,moyen,moyen,moyen,moyen,moyen,12.8,36.9,48.9,11.1,4.3,26.3,39.8,18.5,0.1,2.8,14.3,16.7,14.5,9.4,23.7,18.6,27.7,63.4,21.9,82.4,12.1,0.5,2.6,11.6,9.0,475.0,2448.0,2863.0,2492.0,1619.0,4071.0,3201.0,65.0,25.0,154.0,233.0,108.0,75.0,216.0,286.0,162.0,371.0,128.0,482.0,71.0,3.0,15.0,68.0
25,0593240B,Collège Gambetta,Lys-lez-Lannoy,669.0,92.2,exclusif,1036.0,1581.0,3.21542,50.67871,16506.0,16505.0,-3.1,-2.1,5.4,-2.3,-0.2,0.3,4.2,-1.9,0.1,0.3,-2.9,1.0,1.7,1.6,4.6,-6.4,-1.4,3.1,-5.6,3.6,-1.8,-0.2,-0.6,-7.4,moyen,moyen,moyen,moyen,moyen,moyen,moyen,b1,moyen,moyen,A1,moyen,moyen,moyen,moyen,moyen,moyen,moyen,b1,moyen,moyen,moyen,moyen,b1,9.2,31.2,56.6,9.6,4.5,30.1,42.1,13.8,0.2,2.9,9.2,16.1,17.7,13.0,25.5,15.5,22.3,70.1,20.8,87.0,10.0,0.1,1.4,6.2,33.0,478.0,1515.0,2662.0,2920.0,2140.0,4203.0,2554.0,99.0,47.0,312.0,436.0,143.0,95.0,323.0,586.0,231.0,726.0,216.0,901.0,104.0,1.0,14.0,64.0
26,0593241C,Collège Albert Calmette,Wasquehal,391.0,103.6,exclusif,544.0,822.0,3.12616,50.66884,16832.0,16832.0,-2.4,1.1,0.6,-2.0,-0.7,-4.2,-0.2,7.1,-0.1,0.5,4.6,1.2,-1.3,-3.2,5.1,-6.9,0.2,1.2,3.0,2.1,-1.1,0.8,-1.1,-0.9,moyen,moyen,moyen,moyen,moyen,moyen,A1,b1,moyen,moyen,moyen,moyen,moyen,moyen,moyen,A1,moyen,moyen,moyen,moyen,moyen,moyen,moyen,moyen,9.9,34.4,51.8,9.9,4.0,25.6,37.7,22.8,0.0,3.1,16.7,16.3,14.7,8.2,26.0,15.0,23.9,68.2,29.4,85.5,10.7,1.1,0.9,12.7,0.0,520.0,2818.0,2738.0,2482.0,1377.0,4371.0,2526.0,54.0,22.0,139.0,205.0,124.0,54.0,187.0,282.0,130.0,371.0,160.0,465.0,58.0,6.0,5.0,69.0
27,0593242D,Collège Gustave Nadaud,Wattrelos,600.0,77.2,exclusif,759.0,1174.0,3.19783,50.70885,17283.0,17282.0,1.0,3.3,-5.6,7.5,2.7,12.5,-9.0,-13.6,-0.1,-0.6,-9.3,-3.1,3.3,10.0,2.4,-2.7,-0.1,-0.2,6.0,-1.2,0.6,0.0,0.4,-0.3,moyen,moyen,b1,moyen,moyen,A1,moyen,moyen,moyen,moyen,b1,A1,moyen,A2,b1,b2,moyen,moyen,A1,moyen,moyen,moyen,moyen,moyen,13.3,36.6,45.6,19.4,7.4,42.3,28.9,2.1,0.0,2.0,2.8,12.0,19.3,21.4,23.3,19.2,23.6,66.8,32.4,82.2,12.4,0.3,2.4,13.3,5.0,339.0,491.0,2071.0,3335.0,3697.0,4032.0,3312.0,147.0,56.0,321.0,219.0,16.0,101.0,278.0,346.0,179.0,507.0,246.0,624.0,94.0,2.0,18.0,101.0
28,0593244F,Collège Philippe de Commynes,Comines,410.0,83.5,exclusif,1593.0,2443.0,3.01259,50.75807,22280.0,22280.0,-5.1,-5.0,8.9,-0.3,-0.3,1.4,3.9,-4.6,0.3,0.3,-3.8,0.0,-0.8,5.6,3.2,-4.9,-3.5,7.1,-2.2,5.7,-2.6,-0.2,-1.1,-5.6,moyen,moyen,moyen,moyen,moyen,A1,moyen,moyen,b1,moyen,A1,moyen,moyen,moyen,moyen,moyen,moyen,A1,moyen,A1,moyen,moyen,moyen,b1,7.2,28.3,60.1,11.6,4.4,31.2,41.8,11.1,0.4,2.9,8.3,15.1,15.2,17.0,24.1,17.0,20.2,74.1,24.2,89.1,9.2,0.1,0.9,8.0,88.0,650.0,1860.0,3359.0,3381.0,3782.0,5373.0,3787.0,184.0,70.0,497.0,666.0,177.0,115.0,451.0,958.0,322.0,1180.0,385.0,1419.0,147.0,2.0,15.0,128.0
29,0593246H,Collège Desrousseaux,Armentières,633.0,83.8,exclusif,551.0,856.0,2.89093,50.68857,12772.0,12773.0,4.6,4.1,-7.3,5.3,1.7,10.7,-7.0,-10.6,-0.1,-1.0,-7.4,-2.1,4.0,6.1,2.6,-2.1,5.2,-3.7,6.3,-6.6,5.4,0.2,0.9,-1.3,moyen,moyen,b1,moyen,moyen,A1,moyen,moyen,moyen,moyen,b1,A1,moyen,A2,b1,b2,A1,moyen,A1,b1,A1,moyen,moyen,moyen,16.9,37.4,43.9,17.2,6.4,40.5,30.9,5.1,0.0,1.6,4.7,13.0,20.0,17.5,23.5,19.8,28.9,63.3,32.7,76.8,17.2,0.5,2.9,12.3,0.0,202.0,597.0,1656.0,2549.0,2233.0,3004.0,2532.0,95.0,35.0,223.0,170.0,28.0,93.0,206.0,242.0,159.0,349.0,180.0,423.0,95.0,3.0,16.0,68.0
30,0593474F,Collège professeur Albert Debeyre,Marquette-lez-Lille,551.0,113.8,exclusif,1366.0,2136.0,3.06783,50.68041,17284.0,17285.0,-5.6,-4.7,10.1,-4.6,-0.7,-1.1,5.1,1.2,0.1,0.6,1.8,2.5,0.7,-1.0,2.3,-7.1,-4.7,7.2,-7.7,5.8,-3.7,-0.2,-1.2,-7.7,moyen,moyen,moyen,moyen,moyen,moyen,moyen,b1,b1,moyen,A2,moyen,moyen,moyen,A1,moyen,moyen,A1,b1,A1,moyen,moyen,moyen,b1,6.7,28.6,61.3,7.3,4.0,28.7,43.0,16.9,0.2,3.2,13.9,17.6,16.7,10.4,23.2,14.8,19.0,74.2,18.7,89.2,8.1,0.1,0.8,5.9,36.0,551.0,2396.0,3041.0,2890.0,1799.0,4014.0,2558.0,100.0,55.0,392.0,588.0,231.0,91.0,390.0,837.0,259.0,1013.0,256.0,1219.0,110.0,1.0,11.0,81.0
31,0593475G,Collège Léon Blum,Wavrin,520.0,106.1,exclusif,1183.0,1796.0,2.96607,50.57038,10589.0,10590.0,-6.6,-5.7,10.7,-5.6,-0.8,0.5,7.7,-1.8,0.4,1.1,-1.6,4.0,0.5,-0.8,3.6,-7.4,-4.0,9.5,-11.5,8.1,-5.6,0.0,-1.5,-11.1,moyen,moyen,moyen,moyen,moyen,moyen,moyen,b1,b1,b1,A2,b1,moyen,moyen,A1,moyen,moyen,A1,b2,A1,b1,moyen,moyen,b2,5.7,27.6,61.9,6.3,3.9,30.3,45.6,13.9,0.5,3.7,10.5,19.1,16.5,10.6,24.5,14.5,19.7,76.5,14.9,91.5,6.2,0.3,0.5,2.5,55.0,394.0,1116.0,2024.0,1744.0,1125.0,2597.0,1535.0,75.0,46.0,358.0,539.0,165.0,68.0,327.0,732.0,233.0,905.0,176.0,1083.0,73.0,3.0,6.0,30.0
32,0593476H,Collège Jean Mermoz,Faches-Thumesnil,413.0,112.8,exclusif,281.0,421.0,3.07204,50.59611,7076.0,7075.0,-4.8,0.5,4.0,-3.7,-1.1,0.4,4.1,0.0,-0.0,0.1,0.9,2.7,0.4,-3.0,6.4,-7.6,1.2,6.0,-2.9,4.1,-0.4,-0.3,-1.3,0.6,moyen,moyen,moyen,moyen,moyen,moyen,A1,b1,moyen,moyen,moyen,moyen,moyen,moyen,moyen,moyen,moyen,A1,moyen,moyen,moyen,moyen,moyen,moyen,7.5,33.8,55.2,8.2,3.6,30.2,42.0,15.7,0.1,2.7,13.0,17.8,16.4,8.4,27.3,14.3,24.9,73.0,23.5,87.5,11.4,0.0,0.7,14.2,9.0,193.0,922.0,1257.0,1160.0,595.0,1928.0,1011.0,23.0,10.0,85.0,118.0,44.0,21.0,95.0,155.0,70.0,205.0,66.0,246.0,32.0,0.0,2.0,40.0
33,0593658F,Collège Yvonne Abbas,La Madeleine,450.0,95.5,exclusif,460.0,719.0,3.06512,50.65266,18059.0,18059.0,-0.1,4.3,-2.7,-1.9,-0.1,-7.2,-5.7,15.0,-0.1,0.0,9.2,2.5,-1.6,-3.8,0.8,-7.2,3.7,-3.5,5.6,-1.9,1.9,0.4,-0.7,-0.3,moyen,moyen,A1,moyen,moyen,moyen,moyen,b1,moyen,moyen,moyen,moyen,moyen,b1,b1,A2,moyen,moyen,A1,moyen,moyen,moyen,moyen,moyen,12.2,37.6,48.5,10.0,4.6,22.6,32.2,30.7,0.0,2.6,21.3,17.6,14.4,7.6,21.7,14.7,27.4,63.5,32.0,81.5,13.7,0.7,1.3,13.3,1.0,471.0,3853.0,3181.0,2608.0,1370.0,3927.0,2648.0,46.0,21.0,104.0,148.0,141.0,56.0,173.0,223.0,126.0,292.0,147.0,375.0,63.0,3.0,6.0,61.0
34,0593660H,Collège René Descartes,Loos,298.0,78.5,exclusif,321.0,490.0,3.00671,50.60889,8300.0,8299.0,8.9,9.4,-17.2,3.1,2.5,11.0,-7.7,-8.5,-0.0,-0.8,-5.7,-0.4,2.8,4.2,-0.1,-0.0,8.4,-9.4,34.0,-11.1,7.8,0.3,0.2,10.1,moyen,moyen,b1,moyen,moyen,moyen,moyen,moyen,A1,A1,b2,moyen,moyen,A2,b1,b1,A1,b1,A2,b2,A1,moyen,moyen,A2,21.2,42.7,34.0,15.0,7.2,40.8,30.2,7.2,0.1,1.8,6.4,14.7,18.8,15.6,20.8,21.9,32.1,57.6,60.4,72.3,19.6,0.6,2.2,23.7,5.0,151.0,529.0,1218.0,1562.0,1291.0,1725.0,1818.0,48.0,23.0,131.0,97.0,23.0,68.0,137.0,109.0,103.0,185.0,194.0,232.0,63.0,2.0,7.0,76.0
35,0593662K,Collège Jean Demailly,Seclin,511.0,92.6,exclusif,420.0,627.0,3.01488,50.54375,10048.0,10049.0,-4.0,7.4,-3.1,-0.7,1.0,-2.4,3.8,-1.7,0.1,-0.5,-2.1,-0.5,1.9,1.0,5.4,-5.5,5.1,3.0,5.7,3.0,-0.1,-0.1,-1.3,-5.0,moyen,moyen,moyen,moyen,moyen,moyen,A1,b1,moyen,A1,moyen,moyen,moyen,moyen,moyen,moyen,A1,moyen,A1,moyen,moyen,moyen,moyen,moyen,8.3,40.7,48.1,11.2,5.7,27.4,41.7,14.0,0.2,2.1,10.0,14.6,17.9,12.4,26.3,16.4,28.8,70.0,32.1,86.4,11.7,0.2,0.7,8.6,22.0,213.0,1008.0,1472.0,1800.0,1245.0,2643.0,1646.0,47.0,24.0,115.0,175.0,59.0,35.0,171.0,202.0,121.0,294.0,135.0,363.0,49.0,1.0,3.0,36.0
36,0593667R,Collège Rosa-Parks,Roubaix,605.0,61.4,exclusif,524.0,979.0,3.18646,50.70143,11108.0,11109.0,24.7,10.8,-34.2,32.4,-0.1,3.6,-22.8,-13.2,-0.1,-0.2,-10.5,-9.3,-0.5,9.3,-5.4,16.6,4.0,-27.3,12.3,-27.3,17.4,0.7,5.8,30.5,moyen,moyen,b2,b1,moyen,A1,b1,A2,A2,A2,b2,A2,moyen,moyen,b2,b2,moyen,b2,A2,b2,A2,moyen,A1,A2,37.0,44.1,17.0,44.3,4.6,33.4,15.1,2.5,0.0,2.4,1.6,5.8,15.5,20.7,15.5,38.5,27.7,39.7,38.7,56.1,29.2,1.0,7.8,44.1,0.0,267.0,176.0,645.0,1719.0,2301.0,1720.0,4281.0,232.0,24.0,175.0,79.0,13.0,194.0,231.0,89.0,145.0,208.0,203.0,294.0,153.0,5.0,41.0,231.0
37,0593668S,Collège Paul Eluard,Roncq,262.0,98.0,exclusif,468.0,726.0,3.12582,50.74976,10886.0,10887.0,-6.1,-1.9,6.7,-2.7,-2.3,-1.8,11.0,-3.9,-0.0,1.2,-1.8,1.5,1.0,-0.3,6.0,-7.6,4.1,6.7,-8.0,7.6,-4.3,0.1,-1.1,-8.5,moyen,moyen,moyen,moyen,moyen,moyen,A1,b1,b1,moyen,A1,moyen,moyen,moyen,A2,moyen,moyen,A1,b1,A1,moyen,moyen,moyen,b1,6.2,31.4,57.9,9.2,2.4,28.0,48.9,11.8,0.1,3.8,10.3,16.6,17.0,11.1,26.9,14.3,27.8,73.7,18.4,91.0,7.5,0.4,0.9,5.1,15.0,412.0,1119.0,1802.0,1851.0,1207.0,2924.0,1557.0,43.0,11.0,131.0,229.0,55.0,29.0,147.0,271.0,130.0,345.0,86.0,426.0,35.0,2.0,4.0,24.0
38,0593991T,Collège Théodore Monod,Lesquin,504.0,119.8,exclusif,1359.0,2091.0,3.11158,50.59047,12978.0,12978.0,-8.2,-6.1,14.3,-6.4,-2.3,-7.7,8.8,7.6,0.1,0.3,4.8,4.5,-1.6,-2.7,1.7,-7.2,-5.4,8.6,-11.5,8.9,-5.6,-0.1,-1.6,-8.7,moyen,moyen,moyen,moyen,moyen,moyen,moyen,b1,b1,b1,A2,b1,moyen,b1,A1,A1,b1,A1,b2,A1,b1,moyen,moyen,b1,4.1,27.2,65.5,5.5,2.4,22.1,46.7,23.3,0.2,2.9,16.9,19.6,14.4,8.7,22.6,14.7,18.3,75.6,14.9,92.3,6.2,0.2,0.4,4.9,31.0,378.0,2189.0,2540.0,1869.0,1133.0,2935.0,1903.0,75.0,32.0,301.0,634.0,316.0,56.0,370.0,890.0,249.0,1027.0,202.0,1254.0,84.0,3.0,5.0,67.0
39,0594287P,Collège Rouges Barres,Marcq-en-Baroeul,401.0,110.2,exclusif,558.0,840.0,3.09488,50.65707,17098.0,17097.0,-3.2,6.3,-1.9,-5.1,-1.3,-10.6,-6.0,23.0,-0.1,0.3,11.0,1.1,-4.4,-5.6,4.7,-7.1,3.2,2.9,-0.8,4.6,-3.0,0.6,-1.3,-3.0,moyen,moyen,A2,moyen,moyen,b1,moyen,b1,moyen,A1,moyen,b1,moyen,b2,b1,A2,moyen,moyen,moyen,moyen,moyen,moyen,moyen,moyen,9.1,39.6,49.3,6.8,3.4,19.2,31.9,38.7,0.0,2.9,23.1,16.2,11.6,5.8,25.6,14.8,26.9,69.9,25.6,88.0,8.8,0.9,0.7,10.6,6.0,489.0,3949.0,2764.0,1991.0,986.0,4375.0,2537.0,38.0,19.0,107.0,178.0,216.0,51.0,221.0,275.0,150.0,390.0,143.0,491.0,49.0,5.0,4.0,59.0
40,0594288R,Collège Louise Michel,Lille,424.0,64.1,exclusif,419.0,734.0,3.04626,50.60615,9157.0,9158.0,24.2,6.8,-29.2,22.0,3.2,3.1,-18.8,-9.5,-0.1,-1.3,-5.7,-4.6,1.0,3.5,-9.0,16.0,6.4,-25.2,50.7,-24.0,13.5,-0.1,4.9,33.4,moyen,moyen,b1,moyen,moyen,moyen,b1,A2,A2,A1,b2,A2,moyen,moyen,b2,b1,A1,b2,A2,b2,A2,moyen,moyen,A2,36.5,40.1,22.0,33.9,7.9,32.9,19.1,6.2,0.0,1.3,6.4,10.5,17.0,14.9,11.9,37.9,30.1,41.8,77.1,59.4,25.3,0.2,6.9,47.0,4.0,116.0,588.0,966.0,1559.0,1366.0,1091.0,3468.0,142.0,33.0,138.0,80.0,26.0,153.0,168.0,92.0,126.0,175.0,323.0,249.0,106.0,1.0,29.0,197.0
41,0594291U,Collège Molière,Villeneuve-d'Ascq,532.0,118.6,exclusif,415.0,651.0,3.14632,50.65812,12695.0,12695.0,-7.2,2.4,4.5,-6.1,-1.1,-8.6,6.9,8.6,-0.0,-0.8,4.7,2.9,1.2,-3.6,-0.8,-3.7,-7.6,12.0,-5.4,9.4,-5.8,-0.1,-1.5,-0.8,moyen,moyen,moyen,moyen,moyen,moyen,moyen,moyen,b1,moyen,moyen,b1,moyen,b1,A1,A1,b1,A2,b1,A1,b1,moyen,moyen,moyen,5.1,35.7,55.7,5.8,3.6,21.2,44.8,24.3,0.1,1.8,16.8,18.0,17.2,7.8,20.1,18.2,16.1,79.0,21.0,92.8,6.0,0.2,0.5,12.8,13.0,227.0,2139.0,2283.0,2185.0,985.0,2553.0,2310.0,24.0,15.0,88.0,186.0,101.0,21.0,148.0,231.0,67.0,328.0,87.0,385.0,25.0,1.0,2.0,53.0
42,0594293W,Collège Albert Roussel,Tourcoing,552.0,71.7,exclusif,939.0,1496.0,3.16844,50.7231,22455.0,22455.0,14.4,5.3,-18.9,7.5,2.4,5.5,-5.8,-9.6,-0.1,-0.4,-6.3,-1.1,3.6,6.8,-5.9,3.4,7.9,-14.3,3.0,-15.6,10.2,0.3,2.5,7.9,moyen,moyen,b1,moyen,moyen,A1,b1,moyen,A2,A1,b2,A1,moyen,A1,b1,b1,A1,b2,moyen,b2,A2,moyen,moyen,A1,26.7,38.6,32.3,19.4,7.1,35.3,32.1,6.1,0.0,2.2,5.8,14.0,19.6,18.2,15.0,25.3,31.6,52.7,29.4,67.8,22.0,0.6,4.5,21.5,1.0,485.0,1307.0,3145.0,4391.0,4080.0,3359.0,5687.0,182.0,67.0,331.0,301.0,57.0,251.0,362.0,303.0,297.0,495.0,276.0,637.0,207.0,6.0,42.0,202.0
43,0594386X,Collège le parc,Haubourdin,384.0,106.5,exclusif,1228.0,1871.0,2.97661,50.61484,13548.0,13548.0,-7.1,-7.8,14.4,-7.4,-1.4,-4.4,6.0,7.2,0.4,0.5,0.6,2.4,1.4,-2.6,4.8,-7.5,-9.7,5.3,-15.2,7.2,-4.4,-0.2,-1.3,-9.5,moyen,moyen,moyen,moyen,moyen,moyen,moyen,b1,b1,b1,A2,b1,moyen,moyen,A1,A1,b1,A1,b2,A1,moyen,moyen,moyen,b1,5.2,25.5,65.6,4.5,3.3,25.4,43.9,22.9,0.5,3.1,12.7,17.5,17.4,8.8,25.7,14.4,14.0,72.3,11.2,90.6,7.4,0.1,0.7,4.1,65.0,417.0,1717.0,2368.0,2356.0,1193.0,3478.0,1954.0,55.0,40.0,312.0,539.0,281.0,64.0,313.0,806.0,172.0,888.0,138.0,1112.0,91.0,1.0,8.0,50.0
44,0594389A,Collège Anne Frank,Roubaix,536.0,60.9,exclusif,363.0,644.0,3.1758,50.69404,8383.0,8382.0,34.0,2.8,-34.4,20.9,4.7,7.4,-21.4,-11.6,-0.1,-0.4,-9.9,-7.4,-1.3,6.5,-9.0,21.4,6.3,-36.1,34.2,-37.4,17.4,0.3,9.3,32.7,moyen,moyen,b1,b1,moyen,A1,b1,A2,A2,moyen,b2,A2,moyen,A1,b2,b2,A1,b2,A2,b2,A2,moyen,A1,A2,46.3,36.1,16.8,32.8,9.4,37.2,16.5,4.1,0.0,2.2,2.2,7.7,14.7,17.9,11.9,43.3,30.0,30.9,60.6,46.0,29.2,0.6,11.3,46.3,3.0,185.0,182.0,645.0,1236.0,1503.0,1001.0,3627.0,119.0,34.0,135.0,60.0,15.0,168.0,131.0,61.0,109.0,112.0,220.0,167.0,106.0,2.0,41.0,168.0
45,0594392D,Collège Pablo Néruda,Wattrelos,287.0,85.9,exclusif,317.0,510.0,3.23785,50.70934,7483.0,7484.0,1.9,3.9,-6.7,7.0,-0.6,8.1,-2.9,-11.6,-0.1,-0.6,-8.7,-2.0,3.1,7.6,4.4,-3.8,4.4,-0.8,17.1,-0.8,1.8,-0.3,0.2,-0.0,moyen,moyen,b1,moyen,moyen,A1,moyen,moyen,moyen,moyen,b1,A1,moyen,A1,moyen,b2,moyen,moyen,A2,moyen,moyen,moyen,moyen,moyen,14.2,37.2,44.5,18.9,4.1,37.9,35.0,4.1,0.0,2.0,3.4,13.1,19.1,19.0,25.3,18.1,28.1,66.2,43.5,82.6,13.6,0.0,2.2,13.6,0.0,153.0,252.0,982.0,1426.0,1422.0,1893.0,1356.0,60.0,13.0,120.0,111.0,13.0,45.0,118.0,141.0,89.0,210.0,138.0,262.0,43.0,0.0,7.0,43.0
46,0594394F,Collège Marie Curie,Tourcoing,552.0,74.3,exclusif,885.0,1449.0,3.15455,50.71887,20493.0,20494.0,7.0,6.9,-14.0,5.2,1.2,5.5,-5.9,-5.9,-0.1,0.2,-4.0,-0.9,3.2,4.5,-3.2,0.1,9.5,-6.7,-1.7,-7.5,5.1,-0.1,1.1,6.3,moyen,moyen,moyen,moyen,moyen,moyen,moyen,moyen,A1,A1,b2,A1,moyen,A1,b1,b1,A1,b1,moyen,b1,A1,moyen,moyen,A1,19.3,40.2,37.2,17.1,5.9,35.3,32.0,9.8,0.0,2.8,8.1,14.2,19.2,15.9,17.7,22.0,33.2,60.3,24.7,75.9,16.9,0.2,3.1,19.9,3.0,568.0,1667.0,2916.0,3937.0,3268.0,3619.0,4516.0,151.0,52.0,312.0,283.0,87.0,171.0,356.0,329.0,294.0,534.0,219.0,672.0,150.0,2.0,27.0,176.0
47,0594397J,Collège Jean Rostand,Armentières,472.0,77.9,exclusif,744.0,1174.0,2.86682,50.6878,11115.0,11114.0,1.0,4.5,-6.0,0.3,-0.3,9.2,-1.9,-7.5,-0.0,-0.7,-5.2,-1.3,1.6,2.7,5.5,-2.8,4.0,0.3,0.6,-2.2,1.0,-0.2,1.1,-5.1,moyen,moyen,b1,moyen,moyen,moyen,A1,moyen,moyen,moyen,b1,moyen,moyen,A1,moyen,b1,moyen,moyen,moyen,moyen,moyen,moyen,moyen,b1,13.3,37.8,45.2,12.2,4.4,39.0,36.0,8.2,0.1,1.9,6.9,13.8,17.6,14.1,26.4,19.1,27.7,67.3,27.0,81.2,12.8,0.1,3.1,8.5,6.0,214.0,771.0,1534.0,1957.0,1572.0,2936.0,2124.0,91.0,33.0,290.0,268.0,61.0,99.0,281.0,336.0,206.0,501.0,201.0,604.0,95.0,1.0,23.0,63.0
48,0594523W,Collège Guy Mollet,Lille,370.0,101.4,exclusif,359.0,543.0,2.99032,50.64141,7647.0,7647.0,-0.3,3.7,-1.9,0.4,0.3,-3.3,-1.1,3.8,-0.1,-0.4,0.5,-0.2,1.7,-0.9,3.9,-4.7,1.6,-5.2,5.1,-2.6,3.0,0.3,-0.3,-1.3,moyen,moyen,moyen,moyen,moyen,moyen,moyen,moyen,moyen,moyen,moyen,moyen,moyen,moyen,moyen,moyen,moyen,b1,A1,moyen,moyen,moyen,moyen,moyen,12.0,37.0,49.3,12.3,5.0,26.5,36.8,19.5,0.0,2.2,12.6,14.9,17.7,10.5,24.8,17.2,25.3,61.8,31.5,80.8,14.8,0.6,1.7,12.3,0.0,169.0,966.0,1142.0,1352.0,805.0,1900.0,1313.0,44.0,18.0,95.0,132.0,70.0,43.0,133.0,177.0,91.0,222.0,113.0,290.0,53.0,2.0,6.0,44.0
49,0594524X,Collège Jean Moulin,Wattignies,307.0,75.1,exclusif,592.0,923.0,3.04595,50.59194,12424.0,12425.0,-5.4,-1.5,8.1,-3.6,0.0,-3.1,4.0,2.7,-0.1,-0.3,-1.3,0.2,2.4,-2.3,5.2,-4.0,-3.8,6.8,-5.6,6.8,-3.5,-0.1,-1.8,3.3,moyen,moyen,moyen,moyen,moyen,moyen,A1,moyen,b1,moyen,A1,moyen,moyen,moyen,moyen,moyen,moyen,A1,b1,A1,moyen,moyen,moyen,moyen,6.9,31.8,59.3,8.3,4.7,26.7,41.9,18.4,0.0,2.3,10.8,15.3,18.4,9.1,26.1,17.9,19.9,73.8,20.8,90.2,8.3,0.2,0.2,16.9,6.0,291.0,1345.0,1898.0,2289.0,1133.0,3245.0,2218.0,49.0,28.0,158.0,248.0,109.0,41.0,188.0,351.0,118.0,437.0,123.0,534.0,49.0,1.0,1.0,100.0
50,0594525Y,Collège Le Triolo,Villeneuve-d'Ascq,350.0,96.0,exclusif,458.0,701.0,3.13918,50.61613,12808.0,12808.0,-2.0,1.2,1.2,-3.8,-0.6,-3.2,2.5,5.0,-0.1,-0.8,-1.8,-5.0,-1.6,-3.7,-7.0,20.0,-1.4,1.1,7.2,3.5,-3.7,0.4,0.2,8.5,moyen,moyen,moyen,moyen,moyen,moyen,b1,A2,moyen,moyen,moyen,moyen,moyen,moyen,moyen,moyen,moyen,moyen,A1,moyen,moyen,moyen,moyen,A1,10.3,34.5,52.4,8.1,4.1,26.6,40.4,20.7,0.0,1.8,10.3,10.1,14.4,7.7,13.9,41.9,22.3,68.1,33.6,86.9,8.1,0.7,2.2,22.1,0.0,225.0,1316.0,1294.0,1845.0,986.0,1781.0,5361.0,37.0,19.0,122.0,185.0,95.0,47.0,158.0,240.0,102.0,312.0,154.0,398.0,37.0,3.0,10.0,101.0
51,0594527A,Collège Maxence Van Der Meersch de Mouvaux,Bondues,375.0,99.4,exclusif,1317.0,2042.0,3.08256,50.72122,18615.0,18615.0,-8.3,-3.0,11.8,-9.5,-2.0,-14.8,4.2,22.2,-0.0,2.0,6.1,-0.3,-6.1,-6.2,9.8,-5.3,-6.5,0.3,-15.3,10.1,-6.6,-0.3,-1.3,-9.2,moyen,moyen,A1,moyen,b1,b1,A1,b1,b1,moyen,A2,b1,moyen,b2,moyen,A2,b1,moyen,b2,A2,b1,moyen,moyen,b1,4.0,30.3,63.0,2.4,2.7,15.0,42.1,37.9,0.1,4.6,18.2,14.8,9.9,5.2,30.7,16.6,17.2,67.3,11.1,93.5,5.2,0.0,0.7,4.4,18.0,863.0,3393.0,2750.0,1838.0,965.0,5707.0,3081.0,31.0,35.0,197.0,555.0,499.0,53.0,399.0,830.0,227.0,886.0,146.0,1232.0,69.0,0.0,9.0,58.0
52,0594537L,Collège Jules Verne,Neuville-en-Ferrain,321.0,102.9,exclusif,380.0,573.0,3.16431,50.74748,8116.0,8117.0,-8.6,-6.5,14.9,-5.8,0.0,-0.6,11.8,-5.2,-0.1,-0.2,-3.1,3.5,0.6,0.0,7.3,-8.0,-5.5,12.5,-14.6,10.0,-6.3,0.0,-2.0,-7.3,moyen,moyen,moyen,moyen,moyen,moyen,A1,b1,b1,b1,A2,b1,moyen,moyen,A2,b1,b1,A2,b2,A1,b1,moyen,moyen,b1,3.7,26.8,66.1,6.1,4.7,29.2,49.7,10.5,0.0,2.4,9.0,18.6,16.6,11.4,28.2,13.9,18.2,79.5,11.8,93.4,5.5,0.3,0.0,6.3,3.0,193.0,728.0,1508.0,1345.0,927.0,2287.0,1126.0,23.0,18.0,111.0,189.0,40.0,14.0,102.0,251.0,69.0,302.0,45.0,355.0,21.0,1.0,0.0,24.0
53,0594628K,Collège Jacques Monod,Pérenchies,429.0,112.6,exclusif,1404.0,2202.0,2.97351,50.6697,12143.0,12143.0,-7.0,-7.7,14.3,-5.6,-0.9,-2.9,6.4,3.0,0.7,1.8,1.6,1.8,-1.1,-2.5,6.4,-8.8,-7.2,9.5,-14.9,8.2,-5.5,-0.2,-1.3,-9.7,moyen,moyen,moyen,moyen,moyen,moyen,A1,b1,b1,b1,A2,b1,moyen,moyen,A1,moyen,b1,A1,b2,A1,b1,moyen,moyen,b1,5.3,25.6,65.5,6.3,3.8,26.9,44.3,18.7,0.8,4.4,13.7,16.9,14.9,8.9,27.3,13.1,16.5,76.5,11.5,91.6,6.3,0.1,0.7,3.9,100.0,534.0,1662.0,2054.0,1808.0,1083.0,3313.0,1589.0,89.0,54.0,377.0,622.0,262.0,74.0,359.0,919.0,231.0,1074.0,161.0,1286.0,89.0,2.0,10.0,55.0
54,0594632P,Collège Raymond Devos,Hem,533.0,89.3,exclusif,724.0,1161.0,3.18778,50.66115,15939.0,15939.0,-2.4,-2.5,5.4,-0.2,0.5,1.4,-4.2,2.4,-0.0,0.1,-1.0,-0.4,-1.9,0.6,4.8,-2.3,-2.8,1.8,3.0,1.1,-0.9,-0.3,-0.2,-3.1,moyen,moyen,moyen,moyen,moyen,moyen,moyen,moyen,moyen,moyen,A1,moyen,moyen,moyen,moyen,moyen,moyen,moyen,moyen,moyen,moyen,moyen,moyen,moyen,9.9,30.8,56.6,11.7,5.2,31.2,33.7,18.1,0.1,2.7,11.1,14.7,14.1,12.0,25.7,19.6,20.9,68.8,29.4,84.5,10.9,0.0,1.8,10.5,15.0,437.0,1770.0,2339.0,2244.0,1907.0,4104.0,3123.0,85.0,38.0,226.0,244.0,131.0,72.0,223.0,410.0,151.0,498.0,213.0,612.0,79.0,0.0,13.0,76.0
55,0594634S,Collège Théodore Monod,Roubaix,417.0,72.2,exclusif,453.0,734.0,3.18259,50.67212,10920.0,10922.0,14.0,12.6,-26.3,9.1,1.9,7.9,-8.5,-10.2,-0.0,0.0,-6.5,-3.3,3.1,3.7,-2.6,5.6,11.0,-17.1,26.1,-14.5,9.8,0.1,2.2,12.2,moyen,moyen,b1,moyen,moyen,moyen,moyen,A1,A2,A2,b2,A1,moyen,A1,b1,b2,A2,b2,A2,b2,A1,moyen,moyen,A2,26.3,45.9,24.9,21.0,6.6,37.7,29.4,5.5,0.1,2.6,5.6,11.8,19.1,15.1,18.3,27.5,34.7,49.9,52.5,68.9,21.6,0.4,4.2,25.8,7.0,285.0,607.0,1287.0,2087.0,1644.0,2001.0,3004.0,95.0,30.0,171.0,133.0,25.0,119.0,208.0,113.0,157.0,226.0,238.0,312.0,98.0,2.0,19.0,117.0
56,0594638W,Collège Roger Salengro,Houplines,555.0,98.6,exclusif,1416.0,2164.0,2.91843,50.68749,12706.0,12707.0,-4.0,-6.8,10.2,-2.5,0.2,5.2,3.1,-6.0,0.5,0.5,-4.4,0.6,2.4,2.2,4.1,-6.1,-3.8,7.6,-8.8,5.8,-4.5,0.0,-0.7,-8.7,moyen,moyen,moyen,moyen,moyen,moyen,moyen,b1,moyen,b1,A2,moyen,moyen,A1,moyen,b1,moyen,A1,b1,A1,moyen,moyen,moyen,b1,8.3,26.5,61.4,9.4,4.9,35.0,41.0,9.7,0.6,3.1,7.7,15.7,18.4,13.6,25.0,15.8,19.9,74.6,17.6,89.2,7.3,0.3,1.3,4.9,79.0,398.0,982.0,1994.0,2341.0,1733.0,3175.0,2005.0,133.0,69.0,496.0,580.0,138.0,118.0,375.0,869.0,282.0,1057.0,249.0,1263.0,104.0,4.0,19.0,70.0
57,0594865T,Collège Anatole France,Ronchin,301.0,87.6,exclusif,328.0,512.0,3.08053,50.61182,8643.0,8645.0,7.2,5.7,-11.6,5.5,-0.7,0.1,-3.1,-1.7,-0.1,-0.6,-2.3,0.7,0.9,-1.5,-0.4,3.2,3.4,-9.1,18.4,-9.6,5.0,0.0,0.7,17.2,moyen,moyen,moyen,moyen,moyen,moyen,moyen,moyen,A1,A1,b2,A1,moyen,moyen,moyen,moyen,moyen,b1,A2,b1,moyen,moyen,moyen,A2,19.5,39.0,39.6,17.4,4.0,29.9,34.8,14.0,0.0,2.0,9.8,15.8,16.9,9.9,20.5,25.1,27.1,57.9,44.8,73.8,16.8,0.3,2.7,30.8,3.0,171.0,848.0,1363.0,1464.0,855.0,1773.0,2168.0,57.0,13.0,98.0,114.0,46.0,64.0,128.0,130.0,89.0,190.0,147.0,242.0,55.0,1.0,9.0,101.0
58,0594881K,Collège Martha Desrumaux,Lille,364.0,91.4,exclusif,452.0,708.0,3.08484,50.63901,14535.0,14537.0,6.7,5.6,-9.8,2.0,-0.1,-7.0,-8.3,13.1,-0.1,0.0,10.5,1.8,-1.4,-3.6,-6.2,-1.1,8.2,-10.8,17.4,-8.0,5.0,0.1,1.1,12.3,moyen,moyen,A2,moyen,moyen,moyen,b1,moyen,A1,A1,b1,moyen,moyen,b1,b1,A2,A1,b2,A2,b1,moyen,moyen,moyen,A2,19.0,38.9,41.4,13.9,4.6,22.8,29.6,28.8,0.0,2.6,22.6,16.9,14.6,7.8,14.7,20.8,31.9,56.2,43.8,75.4,16.8,0.4,3.1,25.9,0.0,379.0,3282.0,2455.0,2120.0,1139.0,2134.0,3028.0,63.0,21.0,103.0,134.0,130.0,86.0,176.0,187.0,144.0,254.0,198.0,341.0,76.0,2.0,14.0,117.0
59,0595163S,Collège Lavoisier,Lambersart,359.0,104.5,exclusif,379.0,565.0,3.02323,50.64257,11608.0,11607.0,-5.4,2.6,3.7,-6.4,-1.8,-10.5,1.4,17.5,-0.0,0.1,7.9,3.1,-4.5,-6.5,5.3,-5.6,2.9,4.8,-9.2,6.6,-5.5,0.0,-0.4,-2.5,moyen,moyen,A1,moyen,moyen,b1,A1,b1,b1,moyen,moyen,b1,moyen,b2,moyen,A2,moyen,moyen,b1,A1,b1,moyen,moyen,moyen,6.9,35.9,54.9,5.5,2.9,19.3,39.3,33.2,0.1,2.7,20.0,18.2,11.5,4.9,26.2,16.3,26.6,71.8,17.2,90.0,6.3,0.3,1.6,11.1,11.0,317.0,2326.0,2118.0,1331.0,574.0,3039.0,1891.0,21.0,11.0,73.0,149.0,126.0,26.0,136.0,208.0,101.0,272.0,65.0,341.0,24.0,1.0,6.0,42.0
60,0595166V,Collège Hergé,Gondecourt,,,exclusif,270.0,411.0,,,2749.0,2749.0,-8.6,-7.0,11.8,-3.4,0.1,-3.1,3.6,2.8,0.1,-0.1,2.2,2.4,1.8,-1.2,5.2,-10.5,-8.9,10.8,-2.7,5.9,-2.5,-0.3,-1.3,-11.4,moyen,moyen,moyen,moyen,moyen,moyen,A1,b2,b1,b1,A2,moyen,moyen,moyen,moyen,moyen,b1,A2,moyen,A1,moyen,moyen,moyen,b2,3.7,26.3,63.0,8.5,4.8,26.7,41.5,18.5,0.2,2.5,14.3,17.5,17.8,10.2,26.1,11.4,14.8,77.8,23.7,89.3,9.3,0.0,0.7,2.2,5.0,69.0,393.0,481.0,489.0,281.0,718.0,313.0,23.0,13.0,72.0,112.0,50.0,10.0,71.0,170.0,40.0,210.0,64.0,241.0,25.0,0.0,2.0,6.0
61,0595167W,Collège Baudelaire,Roubaix,389.0,78.9,exclusif,603.0,1014.0,3.16864,50.67987,16123.0,16123.0,19.7,6.3,-24.7,12.8,0.4,4.0,-11.4,-5.9,-0.1,0.3,-4.3,-3.3,-1.1,1.1,-1.1,8.6,9.1,-23.4,15.6,-21.0,9.6,0.2,5.5,20.6,moyen,moyen,moyen,moyen,moyen,moyen,moyen,A1,A2,A1,b2,A2,moyen,moyen,b2,b1,A1,b2,A2,b2,A1,moyen,A1,A2,32.0,39.6,26.5,24.7,5.1,33.8,26.5,9.8,0.0,2.9,7.8,11.8,14.9,12.5,19.8,30.5,32.8,43.6,42.0,62.4,21.4,0.5,7.5,34.2,1.0,467.0,1257.0,1897.0,2396.0,2009.0,3186.0,4910.0,149.0,31.0,204.0,160.0,59.0,193.0,239.0,160.0,198.0,263.0,253.0,376.0,129.0,3.0,45.0,206.0
62,0595168X,Collège Maxence Van Der Meersch,Roubaix,542.0,63.7,exclusif,535.0,936.0,3.20722,50.68128,10628.0,10627.0,27.9,7.4,-33.8,22.1,3.9,6.1,-18.5,-13.6,-0.0,-0.4,-9.6,-7.1,-0.4,6.2,-3.8,15.0,7.0,-30.2,21.3,-29.4,17.2,0.1,5.3,28.1,moyen,moyen,b1,b1,moyen,A1,moyen,A2,A2,A1,b2,A2,moyen,A1,b2,b2,A1,b2,A2,b2,A2,moyen,A1,A2,40.2,40.7,17.4,34.0,8.6,35.9,19.4,2.1,0.1,2.2,2.5,8.0,15.6,17.6,17.1,36.9,30.7,36.8,47.7,54.0,29.0,0.4,7.3,41.7,6.0,230.0,268.0,852.0,1659.0,1875.0,1817.0,3920.0,182.0,46.0,192.0,104.0,11.0,215.0,218.0,93.0,164.0,197.0,255.0,289.0,155.0,2.0,39.0,223.0
63,0595169Y,Collège Emile Zola,Wattrelos,297.0,79.8,exclusif,356.0,557.0,3.23192,50.70736,7616.0,7616.0,-0.2,0.1,-2.6,3.0,1.8,14.3,-6.4,-12.6,-0.1,0.0,-7.8,-0.9,3.1,7.1,3.9,-5.4,0.5,4.1,-15.7,0.6,1.4,-0.3,-0.3,-0.7,moyen,moyen,b1,moyen,moyen,A1,moyen,b1,moyen,moyen,moyen,moyen,moyen,A2,b1,b2,moyen,moyen,b2,moyen,moyen,moyen,moyen,moyen,12.1,33.4,48.6,14.9,6.5,44.1,31.5,3.1,0.0,2.6,4.3,14.2,19.1,18.5,24.8,16.5,24.2,71.1,10.7,84.0,13.2,0.0,1.7,12.9,2.0,200.0,325.0,1084.0,1452.0,1410.0,1888.0,1255.0,53.0,23.0,157.0,112.0,11.0,43.0,119.0,173.0,86.0,253.0,38.0,299.0,47.0,0.0,6.0,46.0
64,0595328W,Collège Simone de Beauvoir,Villeneuve-d'Ascq,547.0,81.3,exclusif,520.0,819.0,3.13032,50.62943,14028.0,14029.0,13.9,12.9,-25.6,8.5,-0.3,4.0,-7.7,-4.5,-0.1,-0.8,-1.8,0.3,3.7,-0.1,-6.2,4.8,12.6,-16.2,49.6,-14.6,11.7,-0.1,0.1,18.7,moyen,moyen,moyen,moyen,moyen,moyen,b1,moyen,A2,A2,b2,A1,moyen,moyen,b1,moyen,A2,b2,A2,b2,A2,moyen,moyen,A2,26.2,46.2,25.6,20.4,4.4,33.8,30.2,11.2,0.0,1.8,10.3,15.4,19.7,11.3,14.7,26.7,36.3,50.8,76.0,68.8,23.5,0.2,2.1,32.3,1.0,259.0,1452.0,2167.0,2760.0,1585.0,2057.0,3748.0,106.0,23.0,176.0,157.0,58.0,136.0,240.0,133.0,189.0,264.0,395.0,358.0,122.0,1.0,11.0,168.0
65,0595597N,Collège Voltaire,Wattignies,492.0,117.4,exclusif,238.0,390.0,3.04396,50.58103,4528.0,4528.0,-8.1,-5.6,13.5,-7.3,-3.0,-8.0,11.7,6.6,-0.0,0.8,4.2,4.1,-1.9,-5.4,6.1,-8.0,-8.2,6.1,-18.8,7.8,-3.8,-0.3,-1.6,-2.7,moyen,moyen,moyen,moyen,moyen,b1,A1,b1,b1,b1,A2,b1,moyen,b1,A2,A1,b1,A1,b2,A1,moyen,moyen,moyen,moyen,4.2,27.7,64.7,4.6,1.7,21.8,49.6,22.3,0.1,3.4,16.3,19.2,14.1,6.0,27.0,13.9,15.5,73.1,7.6,91.2,8.0,0.0,0.4,10.9,6.0,153.0,738.0,869.0,639.0,270.0,1224.0,629.0,11.0,4.0,52.0,118.0,53.0,10.0,66.0,154.0,37.0,174.0,18.0,217.0,19.0,0.0,1.0,26.0
66,0595656C,Collège Camille Claudel,Villeneuve-d'Ascq,322.0,108.8,exclusif,204.0,305.0,3.15895,50.6393,6207.0,6208.0,-1.5,9.3,-7.1,-2.1,-0.3,-3.3,-2.1,7.3,-0.1,-0.9,4.7,-0.3,-0.8,-3.4,3.2,-2.4,11.1,0.6,23.6,1.4,0.5,-0.3,-0.5,0.6,moyen,moyen,moyen,moyen,moyen,moyen,moyen,moyen,moyen,A1,b1,moyen,moyen,moyen,moyen,A1,A2,moyen,A2,moyen,moyen,moyen,moyen,moyen,10.8,42.6,44.1,9.8,4.4,26.5,35.8,23.0,0.0,1.7,16.8,14.8,15.2,8.0,24.1,19.5,34.8,67.6,50.0,84.8,12.3,0.0,1.5,14.2,1.0,108.0,1041.0,916.0,943.0,496.0,1495.0,1208.0,20.0,9.0,54.0,73.0,47.0,22.0,87.0,90.0,71.0,138.0,102.0,173.0,25.0,0.0,3.0,29.0
67,0595713P,Collège Alphonse Daudet,Leers,493.0,111.4,exclusif,1112.0,1673.0,3.24025,50.6761,10696.0,10697.0,-9.1,-5.3,12.7,-5.2,-1.1,3.2,9.6,-6.4,0.1,-0.2,-4.1,2.5,-0.9,0.3,10.8,-8.7,-8.9,11.3,-10.8,8.3,-4.2,-0.3,-1.8,-7.4,moyen,moyen,moyen,moyen,moyen,moyen,A2,b1,b1,b1,A2,b1,moyen,moyen,A1,b1,b1,A2,b2,A1,moyen,moyen,moyen,b1,3.2,28.0,63.9,6.7,3.6,33.0,47.5,9.3,0.2,2.4,8.0,17.6,15.1,11.7,31.7,13.2,14.8,78.3,15.6,91.7,7.6,0.0,0.2,6.2,20.0,261.0,852.0,1886.0,1616.0,1251.0,3395.0,1416.0,74.0,40.0,367.0,528.0,103.0,36.0,311.0,711.0,165.0,871.0,174.0,1020.0,85.0,0.0,2.0,69.0
68,0595758N,Collège Dolet,Provin,475.0,102.9,exclusif,896.0,1347.0,2.8996,50.52137,7610.0,7611.0,-3.3,-5.3,8.3,-3.4,0.5,8.4,4.1,-9.6,0.2,-0.6,-5.8,2.0,4.2,5.2,2.0,-7.3,-1.5,6.7,-5.2,3.2,-1.1,-0.2,-0.9,-11.0,moyen,moyen,b1,moyen,moyen,A1,moyen,b1,moyen,b1,A1,moyen,moyen,A1,moyen,b1,moyen,A1,b1,moyen,moyen,moyen,moyen,b2,9.0,28.0,59.5,8.5,5.2,38.2,42.0,6.1,0.3,2.0,6.3,17.1,20.2,16.6,22.9,14.6,22.2,73.7,21.2,86.6,10.7,0.1,1.1,2.6,20.0,153.0,482.0,1305.0,1536.0,1262.0,1745.0,1108.0,76.0,47.0,342.0,376.0,55.0,81.0,251.0,533.0,199.0,660.0,190.0,776.0,96.0,1.0,10.0,23.0
69,0596059R,Collège Jules Ferry,Haubourdin,711.0,104.5,exclusif,1410.0,2182.0,2.99174,50.6133,19507.0,19507.0,-6.9,-6.0,12.8,-5.4,-0.1,0.6,4.2,0.8,-0.0,-0.1,-1.4,0.8,1.0,-0.9,4.2,-3.5,-5.3,9.3,-12.8,8.0,-5.1,-0.2,-1.1,-9.7,moyen,moyen,moyen,moyen,moyen,moyen,moyen,moyen,b1,b1,A2,b1,moyen,moyen,moyen,moyen,b1,A1,b2,A1,b1,moyen,moyen,b1,5.4,27.3,64.0,6.5,4.6,30.4,42.1,16.5,0.1,2.5,10.7,15.9,17.0,10.5,25.1,18.4,18.4,76.3,13.6,91.4,6.7,0.1,0.9,3.9,15.0,478.0,2084.0,3094.0,3309.0,2044.0,4889.0,3594.0,92.0,65.0,428.0,593.0,232.0,76.0,385.0,902.0,259.0,1076.0,192.0,1289.0,95.0,2.0,13.0,55.0
70,0596172N,Collège Henri Matisse,Linselles,353.0,100.9,exclusif,1159.0,1771.0,3.08666,50.73845,10629.0,10628.0,-8.8,-4.6,11.6,-5.3,-1.7,-0.8,8.7,-0.9,0.2,1.1,-2.2,1.4,-1.2,2.2,6.3,-7.9,-4.3,10.1,-9.4,10.0,-7.0,0.0,-1.4,-10.8,moyen,moyen,moyen,moyen,moyen,moyen,A1,b1,b1,moyen,A2,b1,moyen,moyen,A1,moyen,moyen,A2,b1,A1,b1,moyen,moyen,b2,3.5,28.7,62.8,6.6,3.0,29.0,46.6,14.8,0.3,3.7,9.9,16.5,14.8,13.6,27.2,14.0,19.4,77.1,17.0,93.4,4.8,0.3,0.6,2.8,35.0,390.0,1049.0,1753.0,1577.0,1449.0,2890.0,1485.0,76.0,35.0,336.0,540.0,171.0,41.0,333.0,728.0,225.0,894.0,197.0,1083.0,56.0,3.0,7.0,33.0
71,0596833G,Collège Nina Simone,Lille,482.0,79.3,exclusif,510.0,861.0,3.04439,50.62422,28539.0,28538.0,16.9,10.0,-24.9,10.8,1.8,-8.0,-13.4,8.6,-0.0,-0.5,6.2,-0.3,-3.3,-4.9,-11.2,14.0,10.8,-17.0,26.9,-17.1,9.6,0.1,2.1,21.1,moyen,moyen,A1,moyen,moyen,moyen,b2,A2,A2,A1,b2,A2,moyen,b1,b2,A1,A2,b2,A2,b2,A1,moyen,moyen,A2,29.2,43.3,26.3,22.7,6.5,21.8,24.5,24.3,0.1,2.1,18.3,14.8,12.7,6.5,9.7,35.9,34.5,50.0,53.3,66.3,21.4,0.4,4.1,34.7,19.0,598.0,5214.0,4236.0,3614.0,1845.0,2758.0,10254.0,116.0,33.0,111.0,125.0,124.0,149.0,221.0,134.0,176.0,255.0,272.0,338.0,109.0,2.0,21.0,177.0
72,0596860L,Collège Lucie Aubrac,Tourcoing,671.0,73.3,exclusif,817.0,1298.0,3.13039,50.73097,18641.0,18641.0,3.9,5.6,-9.3,2.8,2.8,9.6,-4.7,-10.6,-0.1,-0.2,-7.4,-2.5,2.8,6.4,0.6,0.2,1.8,-1.3,0.9,-4.8,3.0,-0.1,1.3,3.5,moyen,moyen,b1,moyen,moyen,A1,moyen,moyen,moyen,A1,b1,moyen,moyen,A1,moyen,b2,moyen,moyen,moyen,moyen,moyen,moyen,moyen,moyen,16.2,38.9,41.9,14.7,7.5,39.4,33.2,5.1,0.0,2.4,4.7,12.6,18.8,17.8,21.5,22.1,25.5,65.7,27.3,78.6,14.8,0.2,3.3,17.1,9.0,449.0,867.0,2354.0,3512.0,3313.0,4009.0,4128.0,120.0,61.0,322.0,271.0,42.0,132.0,318.0,342.0,208.0,537.0,223.0,642.0,121.0,2.0,27.0,140.0
73,0596988A,Collège Jeanne de Constantinople,Nieppe,,,exclusif,634.0,995.0,,,5579.0,5578.0,-7.7,-3.6,10.6,-4.6,0.2,2.7,4.8,-3.1,0.7,0.4,-2.1,2.5,1.2,1.8,3.4,-8.1,-5.4,8.7,-9.7,8.4,-5.5,-0.1,-1.5,-10.1,moyen,moyen,moyen,moyen,moyen,moyen,moyen,b1,b1,moyen,A2,moyen,moyen,moyen,moyen,moyen,b1,A1,b1,A1,b1,moyen,moyen,b2,4.6,29.7,61.8,7.3,4.9,32.5,42.7,12.6,0.8,3.0,10.0,17.6,17.2,13.2,24.3,13.8,18.3,75.7,16.7,91.8,6.3,0.2,0.5,3.5,44.0,167.0,557.0,983.0,961.0,736.0,1358.0,772.0,46.0,31.0,206.0,271.0,80.0,29.0,188.0,392.0,116.0,480.0,106.0,582.0,40.0,1.0,3.0,22.0
74,0597004T,Collège Miriam Makeba,Lille,471.0,74.4,exclusif,293.0,460.0,3.06476,50.61837,14525.0,14526.0,15.0,18.9,-32.1,11.3,3.5,-1.5,-10.3,-3.1,-0.1,-0.4,-0.4,-0.6,1.7,-1.9,-10.3,11.8,17.9,-15.8,37.1,-15.1,11.1,1.1,0.7,24.3,moyen,moyen,moyen,moyen,moyen,moyen,b2,A2,A2,A2,b2,A2,moyen,moyen,b2,moyen,A2,b2,A2,b2,A2,moyen,moyen,A2,27.3,52.2,19.1,23.2,8.2,28.3,27.6,12.6,0.0,2.2,11.7,14.5,17.7,9.5,10.6,33.7,41.6,51.2,63.5,68.3,22.9,1.4,2.7,37.9,4.0,323.0,1702.0,2109.0,2575.0,1382.0,1536.0,4895.0,68.0,24.0,83.0,81.0,37.0,80.0,153.0,56.0,122.0,150.0,186.0,200.0,67.0,4.0,8.0,111.0
